<?xml version="1.0" encoding="UTF-8"?>
<jcr:root xmlns:sling="http://sling.apache.org/jcr/sling/1.0" xmlns:granite="http://www.adobe.com/jcr/granite/1.0" xmlns:cq="http://www.day.com/jcr/cq/1.0" xmlns:jcr="http://www.jcp.org/jcr/1.0" xmlns:nt="http://www.jcp.org/jcr/nt/1.0"
    jcr:primaryType="nt:unstructured"
    jcr:title="customtab"
    sling:resourceType="cq/gui/components/authoring/dialog"
    helpPath="https://www.adobe.com/go/aem_cmp_button_v1"
    trackingFeature="core-components:button:v1">
    <content
        granite:class="cmp-button__editor"
        jcr:primaryType="nt:unstructured"
        sling:resourceType="granite/ui/components/coral/foundation/container">
        <items jcr:primaryType="nt:unstructured">
            <tabs
                jcr:primaryType="nt:unstructured"
                sling:resourceType="granite/ui/components/coral/foundation/tabs"
                maximized="{Boolean}true">
                <items jcr:primaryType="nt:unstructured">
                    <customtab
                        jcr:primaryType="nt:unstructured"
                        jcr:title="Custom Tab"
                        sling:resourceType="granite/ui/components/coral/foundation/container"
                        margin="{Boolean}true">
                        <items jcr:primaryType="nt:unstructured">
                            <columns
                                jcr:primaryType="nt:unstructured"
                                sling:resourceType="granite/ui/components/coral/foundation/fixedcolumns"
                                margin="{Boolean}true">
                                <items jcr:primaryType="nt:unstructured">
                                    <column
                                        jcr:primaryType="nt:unstructured"
                                        sling:resourceType="granite/ui/components/coral/foundation/container">
                                        <items jcr:primaryType="nt:unstructured">
                                            <image
                                                jcr:primaryType="nt:unstructured"
                                                sling:resourceType="cq/gui/components/authoring/dialog/fileupload"
                                                autoStart="{Boolean}false"
                                                class="cq-droptarget"
                                                fieldLabel="Image"
                                                fileNameParameter="./fileName"
                                                fileReferenceParameter="./image"
                                                mimeTypes="image"
                                                multiple="{Boolean}false"
                                                name="./file"
                                                uploadUrl="suffix.path"
                                                useHTML5="{Boolean}true"/>
                                            <date
                                                jcr:primaryType="nt:unstructured"
                                                sling:resourceType="granite/ui/components/coral/foundation/form/datepicker"
                                                fieldLabel="Date"
                                                name="./date"/>
                                            <category
                                                jcr:primaryType="nt:unstructured"
                                                sling:resourceType="granite/ui/components/coral/foundation/form/textfield"
                                                fieldLabel="Category"
                                                name="./category"/>
                                            <title
                                                jcr:primaryType="nt:unstructured"
                                                sling:resourceType="granite/ui/components/coral/foundation/form/textfield"
                                                fieldLabel="Title"
                                                name="./title"/>
                                        </items>
                                    </column>
                                </items>
                            </columns>
                        </items>
                    </customtab>
                </items>
            </tabs>
        </items>
    </content>
</jcr:root>
